prod_id,prod_type,title,rating,review_count,price,delivery,link
10001,laptop,Sponsored Ad – Samsonite Litepoint Laptop Backpack,4.3 out of 5 stars,30,S$322.00,FREE Delivery,https://www.amazon.sg/sspa/click?ie=UTF8&spc=MToyMDU2NTQ3MDkyNzI1MDg2OjE3NDExNjQ4NjI6c3BfYXRmOjMwMDA4MjI4NTEwMjk2Mjo6MDo6&url=%2FSamsonite-Litepoint-Backpack-centimeters-Backpacks%2Fdp%2FB093V7Z27G%2Fref%3Dsr_1_1_sspa%3Fdib%3DeyJ2IjoiMSJ9.UoBxBYP9BEfbTo0IjALuDtrh3m-FCfp1oMqrUDjql0qnPaippa_G5cRD5V3Itz50JRMupvmkIXQ07P8vIorFr8NK6wqsFoot36d9yJBLjr_IuG-K97YC22UqlpBIi7LBWnnqBnOwFs7cq1ZqxjRysgpAnZEGGE62ml5ImLkdj3Z4s2iFnav2zbmBqsNcORFmrK1kZK--pM4gkC1DjvbhmHOAxNaEJFATQUbsaHqKGHK_9Jiy4wVFQMguQPwMrBqxH9X3r4vp-aJ-UFk9Z7ejN1K90Q1wg5diigQuSb2a-M0.YrQFl8Dun5nQBUyFMVnEStp3wKXpo8qm6hd6QvMX6Ag%26dib_tag%3Dse%26keywords%3Dlaptop%26qid%3D1741164861%26sr%3D8-1-spons%26sp_csd%3Dd2lkZ2V0TmFtZT1zcF9hdGY%26psc%3D1
10002,laptop,"Sponsored Ad – LG 15Z90ST gram 15.6"" SuperSlim Ultra-slim and Ultra-light FHD OLED Display with Intel® Core™ Ultra5 125H",N/A,Not found,"S$2,275.00","Get it as soon as Fri, 7 Mar",https://www.amazon.sg/sspa/click?ie=UTF8&spc=MToyMDU2NTQ3MDkyNzI1MDg2OjE3NDExNjQ4NjI6c3BfYXRmOjMwMDA4MzI2MzE4MTM2Mjo6MDo6&url=%2FLG-15Z90ST-SuperSlim-Ultra-slim-Ultra-light%2Fdp%2FB0D1VPDWH5%2Fref%3Dsr_1_2_sspa%3Fdib%3DeyJ2IjoiMSJ9.UoBxBYP9BEfbTo0IjALuDtrh3m-FCfp1oMqrUDjql0qnPaippa_G5cRD5V3Itz50JRMupvmkIXQ07P8vIorFr8NK6wqsFoot36d9yJBLjr_IuG-K97YC22UqlpBIi7LBWnnqBnOwFs7cq1ZqxjRysgpAnZEGGE62ml5ImLkdj3Z4s2iFnav2zbmBqsNcORFmrK1kZK--pM4gkC1DjvbhmHOAxNaEJFATQUbsaHqKGHK_9Jiy4wVFQMguQPwMrBqxH9X3r4vp-aJ-UFk9Z7ejN1K90Q1wg5diigQuSb2a-M0.YrQFl8Dun5nQBUyFMVnEStp3wKXpo8qm6hd6QvMX6Ag%26dib_tag%3Dse%26keywords%3Dlaptop%26qid%3D1741164861%26sr%3D8-2-spons%26sp_csd%3Dd2lkZ2V0TmFtZT1zcF9hdGY%26psc%3D1
10003,laptop,"Sponsored Ad – LG 14T90S gram 14"" 2in1 Ultra-lightweight WUXGA IPS Touch Display Stylus Pen with Intel® Core™ i5 Processor",N/A,Not found,"S$2,399.00",Temporarily out of stock.,https://www.amazon.sg/sspa/click?ie=UTF8&spc=MToyMDU2NTQ3MDkyNzI1MDg2OjE3NDExNjQ4NjI6c3BfYXRmOjMwMDA4MzI2MzE4MDk2Mjo6MDo6&url=%2FLG-14T90S-Ultra-lightweight-Display-Processor%2Fdp%2FB0D3D7SCCB%2Fref%3Dsr_1_3_sspa%3Fdib%3DeyJ2IjoiMSJ9.UoBxBYP9BEfbTo0IjALuDtrh3m-FCfp1oMqrUDjql0qnPaippa_G5cRD5V3Itz50JRMupvmkIXQ07P8vIorFr8NK6wqsFoot36d9yJBLjr_IuG-K97YC22UqlpBIi7LBWnnqBnOwFs7cq1ZqxjRysgpAnZEGGE62ml5ImLkdj3Z4s2iFnav2zbmBqsNcORFmrK1kZK--pM4gkC1DjvbhmHOAxNaEJFATQUbsaHqKGHK_9Jiy4wVFQMguQPwMrBqxH9X3r4vp-aJ-UFk9Z7ejN1K90Q1wg5diigQuSb2a-M0.YrQFl8Dun5nQBUyFMVnEStp3wKXpo8qm6hd6QvMX6Ag%26dib_tag%3Dse%26keywords%3Dlaptop%26qid%3D1741164861%26sr%3D8-3-spons%26sp_csd%3Dd2lkZ2V0TmFtZT1zcF9hdGY%26psc%3D1
10004,laptop,"Sponsored Ad – LG 14T90S gram 14"" 2in1 Ultra-lightweight WUXGA IPS Touch Display Stylus Pen with Intel® Core™ i7 Processor",N/A,Not found,"S$2,599.00",Temporarily out of stock.,https://www.amazon.sg/sspa/click?ie=UTF8&spc=MToyMDU2NTQ3MDkyNzI1MDg2OjE3NDExNjQ4NjI6c3BfYXRmOjMwMDA4MzI2MzE4MTA2Mjo6MDo6&url=%2FLG-14T90S-Ultra-lightweight-Display-Processor%2Fdp%2FB0D3D2LZC8%2Fref%3Dsr_1_4_sspa%3Fdib%3DeyJ2IjoiMSJ9.UoBxBYP9BEfbTo0IjALuDtrh3m-FCfp1oMqrUDjql0qnPaippa_G5cRD5V3Itz50JRMupvmkIXQ07P8vIorFr8NK6wqsFoot36d9yJBLjr_IuG-K97YC22UqlpBIi7LBWnnqBnOwFs7cq1ZqxjRysgpAnZEGGE62ml5ImLkdj3Z4s2iFnav2zbmBqsNcORFmrK1kZK--pM4gkC1DjvbhmHOAxNaEJFATQUbsaHqKGHK_9Jiy4wVFQMguQPwMrBqxH9X3r4vp-aJ-UFk9Z7ejN1K90Q1wg5diigQuSb2a-M0.YrQFl8Dun5nQBUyFMVnEStp3wKXpo8qm6hd6QvMX6Ag%26dib_tag%3Dse%26keywords%3Dlaptop%26qid%3D1741164861%26sr%3D8-4-spons%26sp_csd%3Dd2lkZ2V0TmFtZT1zcF9hdGY%26psc%3D1
10005,laptop,"ASUS L410 MA-DB02 Ultra Thin Laptop, 14” FHD Display, Intel Celeron N4020 Processor, 4GB RAM, 64GB Storage, NumberPad, Windows 10 Home in S Mode, Star Black",4.3 out of 5 stars,"15,784",S$223.30,,https://www.amazon.sg/ASUS-MA-DB02-Display-Processor-NumberPad/dp/B08D92T45H/ref=sr_1_5?dib=eyJ2IjoiMSJ9.UoBxBYP9BEfbTo0IjALuDtrh3m-FCfp1oMqrUDjql0qnPaippa_G5cRD5V3Itz50JRMupvmkIXQ07P8vIorFr8NK6wqsFoot36d9yJBLjr_IuG-K97YC22UqlpBIi7LBWnnqBnOwFs7cq1ZqxjRysgpAnZEGGE62ml5ImLkdj3Z4s2iFnav2zbmBqsNcORFmrK1kZK--pM4gkC1DjvbhmHOAxNaEJFATQUbsaHqKGHK_9Jiy4wVFQMguQPwMrBqxH9X3r4vp-aJ-UFk9Z7ejN1K90Q1wg5diigQuSb2a-M0.YrQFl8Dun5nQBUyFMVnEStp3wKXpo8qm6hd6QvMX6Ag&dib_tag=se&keywords=laptop&qid=1741164861&sr=8-5
10006,laptop,"Lenovo IdeaPad Slim 3 Chromebook - 2024 - Lightweight Laptop - Waves MaxxAudio® Speakers - 14"" HD Display - HD 720p Camera - 4GB Memory - 64GB Storage - MediaTek Kompanio 520 - Abyss Blue",4.4 out of 5 stars,82,S$264.15,,https://www.amazon.sg/Lenovo-IdeaPad-Slim-Chromebook-Lightweight/dp/B0D5HZVQDL/ref=sr_1_6?dib=eyJ2IjoiMSJ9.UoBxBYP9BEfbTo0IjALuDtrh3m-FCfp1oMqrUDjql0qnPaippa_G5cRD5V3Itz50JRMupvmkIXQ07P8vIorFr8NK6wqsFoot36d9yJBLjr_IuG-K97YC22UqlpBIi7LBWnnqBnOwFs7cq1ZqxjRysgpAnZEGGE62ml5ImLkdj3Z4s2iFnav2zbmBqsNcORFmrK1kZK--pM4gkC1DjvbhmHOAxNaEJFATQUbsaHqKGHK_9Jiy4wVFQMguQPwMrBqxH9X3r4vp-aJ-UFk9Z7ejN1K90Q1wg5diigQuSb2a-M0.YrQFl8Dun5nQBUyFMVnEStp3wKXpo8qm6hd6QvMX6Ag&dib_tag=se&keywords=laptop&qid=1741164861&sr=8-6
10007,laptop,"HP New 14"" HD Ultra Light Thin Laptop, Quad-Core Intel Celeron Processor, 8GB RAM, 192GB (64GB eMMC+ 128GB Card), Wi-Fi, Upto 11 Hours, Windows 11 S + 1 Year Office 365+HubxcelAccessory, Black",4.2 out of 5 stars,469,S$391.62,,https://www.amazon.sg/HP-14-Laptop-Quad-Core-HubxcelAccessory/dp/B0CSC15TVC/ref=sr_1_7?dib=eyJ2IjoiMSJ9.UoBxBYP9BEfbTo0IjALuDtrh3m-FCfp1oMqrUDjql0qnPaippa_G5cRD5V3Itz50JRMupvmkIXQ07P8vIorFr8NK6wqsFoot36d9yJBLjr_IuG-K97YC22UqlpBIi7LBWnnqBnOwFs7cq1ZqxjRysgpAnZEGGE62ml5ImLkdj3Z4s2iFnav2zbmBqsNcORFmrK1kZK--pM4gkC1DjvbhmHOAxNaEJFATQUbsaHqKGHK_9Jiy4wVFQMguQPwMrBqxH9X3r4vp-aJ-UFk9Z7ejN1K90Q1wg5diigQuSb2a-M0.YrQFl8Dun5nQBUyFMVnEStp3wKXpo8qm6hd6QvMX6Ag&dib_tag=se&keywords=laptop&qid=1741164861&sr=8-7
10008,laptop,"ASUS VivoBook 15 Business Laptop 15.6"" FHD Anti-Glare AMD Ryzen 3 3250U 8GB RAM 128GB SSD USB-C VGA Camera SonicMaster Win11 w/ICP Accessory",4.3 out of 5 stars,31,S$391.76,,https://www.amazon.sg/ASUS-VivoBook-Anti-Glare-SonicMaster-Accessory/dp/B0DF75RZCF/ref=sr_1_8?dib=eyJ2IjoiMSJ9.UoBxBYP9BEfbTo0IjALuDtrh3m-FCfp1oMqrUDjql0qnPaippa_G5cRD5V3Itz50JRMupvmkIXQ07P8vIorFr8NK6wqsFoot36d9yJBLjr_IuG-K97YC22UqlpBIi7LBWnnqBnOwFs7cq1ZqxjRysgpAnZEGGE62ml5ImLkdj3Z4s2iFnav2zbmBqsNcORFmrK1kZK--pM4gkC1DjvbhmHOAxNaEJFATQUbsaHqKGHK_9Jiy4wVFQMguQPwMrBqxH9X3r4vp-aJ-UFk9Z7ejN1K90Q1wg5diigQuSb2a-M0.YrQFl8Dun5nQBUyFMVnEStp3wKXpo8qm6hd6QvMX6Ag&dib_tag=se&keywords=laptop&qid=1741164861&sr=8-8
10009,laptop,"HP 17 Laptop, 17.3"" FHD Display, 32GB RAM, 1TB SSD, AMD Ryzen 5 Processor(Beats i7-1165G7, Up to 4.3GHz), Webcam, Numeric Keypad, Long Battery Life, Windows 11 Home, Alpacatec Accessories, Silver",4.0 out of 5 stars,31,S$824.00,,https://www.amazon.sg/HP-Processor-i7-1165G7-Alpacatec-Accessories/dp/B0DP15YMQ8/ref=sr_1_9?dib=eyJ2IjoiMSJ9.UoBxBYP9BEfbTo0IjALuDtrh3m-FCfp1oMqrUDjql0qnPaippa_G5cRD5V3Itz50JRMupvmkIXQ07P8vIorFr8NK6wqsFoot36d9yJBLjr_IuG-K97YC22UqlpBIi7LBWnnqBnOwFs7cq1ZqxjRysgpAnZEGGE62ml5ImLkdj3Z4s2iFnav2zbmBqsNcORFmrK1kZK--pM4gkC1DjvbhmHOAxNaEJFATQUbsaHqKGHK_9Jiy4wVFQMguQPwMrBqxH9X3r4vp-aJ-UFk9Z7ejN1K90Q1wg5diigQuSb2a-M0.YrQFl8Dun5nQBUyFMVnEStp3wKXpo8qm6hd6QvMX6Ag&dib_tag=se&keywords=laptop&qid=1741164861&sr=8-9
10010,laptop,"ASUS Vivobook Laptop, 14"" FHD Display, i3-1215U, 16GB RAM, 512GB SSD, Wi-Fi 6, HDMI, Webcam, Touchpad, Windows 11 Home, Blue",4.3 out of 5 stars,147,S$565.52,,https://www.amazon.sg/ASUS-Vivobook-Display-i3-1215U-Touchpad/dp/B0CLHCWNV8/ref=sr_1_10?dib=eyJ2IjoiMSJ9.UoBxBYP9BEfbTo0IjALuDtrh3m-FCfp1oMqrUDjql0qnPaippa_G5cRD5V3Itz50JRMupvmkIXQ07P8vIorFr8NK6wqsFoot36d9yJBLjr_IuG-K97YC22UqlpBIi7LBWnnqBnOwFs7cq1ZqxjRysgpAnZEGGE62ml5ImLkdj3Z4s2iFnav2zbmBqsNcORFmrK1kZK--pM4gkC1DjvbhmHOAxNaEJFATQUbsaHqKGHK_9Jiy4wVFQMguQPwMrBqxH9X3r4vp-aJ-UFk9Z7ejN1K90Q1wg5diigQuSb2a-M0.YrQFl8Dun5nQBUyFMVnEStp3wKXpo8qm6hd6QvMX6Ag&dib_tag=se&keywords=laptop&qid=1741164861&sr=8-10
10011,laptop,"HP Portable Laptop, Student and Business, 14"" HD Display, Intel Quad-Core N4120, 16GB DDR4 RAM, 64GB eMMC, 1 Year Office 365, Webcam, SD Card Reader, HDMI, Wi-Fi, Windows 11 Home, Black, KKE Mousepad",4.0 out of 5 stars,"1,702",S$364.92,,https://www.amazon.sg/HP-Portable-Business-Quad-Core-Mousepad/dp/B0C9N3H8F2/ref=sr_1_11?dib=eyJ2IjoiMSJ9.UoBxBYP9BEfbTo0IjALuDtrh3m-FCfp1oMqrUDjql0qnPaippa_G5cRD5V3Itz50JRMupvmkIXQ07P8vIorFr8NK6wqsFoot36d9yJBLjr_IuG-K97YC22UqlpBIi7LBWnnqBnOwFs7cq1ZqxjRysgpAnZEGGE62ml5ImLkdj3Z4s2iFnav2zbmBqsNcORFmrK1kZK--pM4gkC1DjvbhmHOAxNaEJFATQUbsaHqKGHK_9Jiy4wVFQMguQPwMrBqxH9X3r4vp-aJ-UFk9Z7ejN1K90Q1wg5diigQuSb2a-M0.YrQFl8Dun5nQBUyFMVnEStp3wKXpo8qm6hd6QvMX6Ag&dib_tag=se&keywords=laptop&qid=1741164861&sr=8-11
10012,laptop,"ASUS Vivobook Go 15.6” FHD Slim Laptop, AMD Ryzen 3 7320U Quad Core Processor, 8GB DDR5 RAM, 128GB SSD, Windows 11 Home, Fast Charging, Webcam Sheild, Military Grade Durability, Black, E1504FA-AS33",4.3 out of 5 stars,447,,Not found,https://www.amazon.sg/ASUS-Vivobook-Processor-Durability-E1504FA-AS33/dp/B0CWHYV27D/ref=sr_1_12?dib=eyJ2IjoiMSJ9.UoBxBYP9BEfbTo0IjALuDtrh3m-FCfp1oMqrUDjql0qnPaippa_G5cRD5V3Itz50JRMupvmkIXQ07P8vIorFr8NK6wqsFoot36d9yJBLjr_IuG-K97YC22UqlpBIi7LBWnnqBnOwFs7cq1ZqxjRysgpAnZEGGE62ml5ImLkdj3Z4s2iFnav2zbmBqsNcORFmrK1kZK--pM4gkC1DjvbhmHOAxNaEJFATQUbsaHqKGHK_9Jiy4wVFQMguQPwMrBqxH9X3r4vp-aJ-UFk9Z7ejN1K90Q1wg5diigQuSb2a-M0.YrQFl8Dun5nQBUyFMVnEStp3wKXpo8qm6hd6QvMX6Ag&dib_tag=se&keywords=laptop&qid=1741164861&sr=8-12
10013,laptop,"ASUS ROG Strix G16 (2024) Gaming Laptop, 16” 16:10 FHD 165Hz Display, NVIDIA® GeForce RTX™ 4060, Intel Core i7-13650HX, 16GB DDR5, 1TB PCIe Gen4 SSD, Wi-Fi 6E, Windows 11, G614JV-AS74",4.5 out of 5 stars,"1,650","S$1,949.00","Get it Tue, 18 Mar - Wed, 26 Mar",https://www.amazon.sg/ASUS-ROG-Strix-Gaming-Laptop/dp/B0CRDCXRK2/ref=sr_1_13?dib=eyJ2IjoiMSJ9.UoBxBYP9BEfbTo0IjALuDtrh3m-FCfp1oMqrUDjql0qnPaippa_G5cRD5V3Itz50JRMupvmkIXQ07P8vIorFr8NK6wqsFoot36d9yJBLjr_IuG-K97YC22UqlpBIi7LBWnnqBnOwFs7cq1ZqxjRysgpAnZEGGE62ml5ImLkdj3Z4s2iFnav2zbmBqsNcORFmrK1kZK--pM4gkC1DjvbhmHOAxNaEJFATQUbsaHqKGHK_9Jiy4wVFQMguQPwMrBqxH9X3r4vp-aJ-UFk9Z7ejN1K90Q1wg5diigQuSb2a-M0.YrQFl8Dun5nQBUyFMVnEStp3wKXpo8qm6hd6QvMX6Ag&dib_tag=se&keywords=laptop&qid=1741164861&sr=8-13
10014,laptop,"HP 15 Laptop, 15.6"" HD Screen, Intel Pentium N5030 Processor, 16GB DDR4 RAM, 1TB SSD, HDMI, Media Card Reader, RJ45, Wi-Fi, Windows 11 Home, Black",4.2 out of 5 stars,364,S$617.15,,https://www.amazon.sg/HP-15-Pentium-Processor-Windows/dp/B09BSKP98T/ref=sr_1_14?dib=eyJ2IjoiMSJ9.UoBxBYP9BEfbTo0IjALuDtrh3m-FCfp1oMqrUDjql0qnPaippa_G5cRD5V3Itz50JRMupvmkIXQ07P8vIorFr8NK6wqsFoot36d9yJBLjr_IuG-K97YC22UqlpBIi7LBWnnqBnOwFs7cq1ZqxjRysgpAnZEGGE62ml5ImLkdj3Z4s2iFnav2zbmBqsNcORFmrK1kZK--pM4gkC1DjvbhmHOAxNaEJFATQUbsaHqKGHK_9Jiy4wVFQMguQPwMrBqxH9X3r4vp-aJ-UFk9Z7ejN1K90Q1wg5diigQuSb2a-M0.YrQFl8Dun5nQBUyFMVnEStp3wKXpo8qm6hd6QvMX6Ag&dib_tag=se&keywords=laptop&qid=1741164861&sr=8-14
10015,laptop,"Dell Vostro 3000 Series 3520 15.6"" FHD Business Laptop Computer, 12th Gen Intel 10-Cores i7-1255U, 64GB DDR4 RAM, 2TB PCIe SSD, 802.11ac WiFi, Bluetooth, Webcan, Carbon Black, Windows 11 Pro",4.4 out of 5 stars,11,"S$1,292.14",,https://www.amazon.sg/Dell-3520-Business-Computer-Bluetooth/dp/B0CV5VH4MR/ref=sr_1_15?dib=eyJ2IjoiMSJ9.UoBxBYP9BEfbTo0IjALuDtrh3m-FCfp1oMqrUDjql0qnPaippa_G5cRD5V3Itz50JRMupvmkIXQ07P8vIorFr8NK6wqsFoot36d9yJBLjr_IuG-K97YC22UqlpBIi7LBWnnqBnOwFs7cq1ZqxjRysgpAnZEGGE62ml5ImLkdj3Z4s2iFnav2zbmBqsNcORFmrK1kZK--pM4gkC1DjvbhmHOAxNaEJFATQUbsaHqKGHK_9Jiy4wVFQMguQPwMrBqxH9X3r4vp-aJ-UFk9Z7ejN1K90Q1wg5diigQuSb2a-M0.YrQFl8Dun5nQBUyFMVnEStp3wKXpo8qm6hd6QvMX6Ag&dib_tag=se&keywords=laptop&qid=1741164861&sr=8-15
10016,laptop,"HP 255 G10 15.6"" FHD Business Laptop, AMD Ryzen 7 7730U, 64GB RAM, 2TB PCIe SSD, Numeric Keypad, Webcam, Wi-Fi 6, HDMI, Windows 11 Pro, Black",3.9 out of 5 stars,139,"S$1,057.63",,https://www.amazon.sg/HP-Business-Laptop-Numeric-Windows/dp/B0D4SBS34V/ref=sr_1_16?dib=eyJ2IjoiMSJ9.UoBxBYP9BEfbTo0IjALuDtrh3m-FCfp1oMqrUDjql0qnPaippa_G5cRD5V3Itz50JRMupvmkIXQ07P8vIorFr8NK6wqsFoot36d9yJBLjr_IuG-K97YC22UqlpBIi7LBWnnqBnOwFs7cq1ZqxjRysgpAnZEGGE62ml5ImLkdj3Z4s2iFnav2zbmBqsNcORFmrK1kZK--pM4gkC1DjvbhmHOAxNaEJFATQUbsaHqKGHK_9Jiy4wVFQMguQPwMrBqxH9X3r4vp-aJ-UFk9Z7ejN1K90Q1wg5diigQuSb2a-M0.YrQFl8Dun5nQBUyFMVnEStp3wKXpo8qm6hd6QvMX6Ag&dib_tag=se&keywords=laptop&qid=1741164861&sr=8-16
10017,laptop,"Lenovo IdeaPad Slim 3 15.6"" 12th Generation with Intel® Core™ i5 Processor 12450H Memory 16GB SSD512GB Windows11 Battery Powered 11.4 Hours Weight 1.62kg Abyss Blue 83ER00DCJP",4.4 out of 5 stars,15,S$959.77,"Get it as soon as Mon, 10 Mar",https://www.amazon.sg/Lenovo-Generation-Processor-Windows11-83ER00DCJP/dp/B0CYZ3361X/ref=sr_1_17?dib=eyJ2IjoiMSJ9.UoBxBYP9BEfbTo0IjALuDtrh3m-FCfp1oMqrUDjql0qnPaippa_G5cRD5V3Itz50JRMupvmkIXQ07P8vIorFr8NK6wqsFoot36d9yJBLjr_IuG-K97YC22UqlpBIi7LBWnnqBnOwFs7cq1ZqxjRysgpAnZEGGE62ml5ImLkdj3Z4s2iFnav2zbmBqsNcORFmrK1kZK--pM4gkC1DjvbhmHOAxNaEJFATQUbsaHqKGHK_9Jiy4wVFQMguQPwMrBqxH9X3r4vp-aJ-UFk9Z7ejN1K90Q1wg5diigQuSb2a-M0.YrQFl8Dun5nQBUyFMVnEStp3wKXpo8qm6hd6QvMX6Ag&dib_tag=se&keywords=laptop&qid=1741164861&sr=8-17
10018,laptop,"acer Aspire 3 Laptop | 15.6"" Full HD Display | AMD Ryzen 7 5700U Processor | AMD Radeon Graphics | 16GB RAM | 512GB SSD | Wi-Fi 6 | Windows 11 Home | DealExpress Accessories",4.3 out of 5 stars,91,S$713.58,,https://www.amazon.sg/Aspire-Processor-Graphics-DealExpress-Accessories/dp/B0CZHHL8PV/ref=sr_1_18?dib=eyJ2IjoiMSJ9.UoBxBYP9BEfbTo0IjALuDtrh3m-FCfp1oMqrUDjql0qnPaippa_G5cRD5V3Itz50JRMupvmkIXQ07P8vIorFr8NK6wqsFoot36d9yJBLjr_IuG-K97YC22UqlpBIi7LBWnnqBnOwFs7cq1ZqxjRysgpAnZEGGE62ml5ImLkdj3Z4s2iFnav2zbmBqsNcORFmrK1kZK--pM4gkC1DjvbhmHOAxNaEJFATQUbsaHqKGHK_9Jiy4wVFQMguQPwMrBqxH9X3r4vp-aJ-UFk9Z7ejN1K90Q1wg5diigQuSb2a-M0.YrQFl8Dun5nQBUyFMVnEStp3wKXpo8qm6hd6QvMX6Ag&dib_tag=se&keywords=laptop&qid=1741164861&sr=8-18
10019,laptop,"ASUS Vivobook S 14 OLED Slim Laptop, Intel Core Ultra 9 185H, 16GB, 1TB SSD, Fast Charging, RGB Keyboard, Thunderbolt 4, Neutral Black, S5406MA-AS96, Intel Evo Edition",4.1 out of 5 stars,66,"S$1,443.54",,https://www.amazon.sg/ASUS-Vivobook-Charging-Thunderbolt-S5406MA-AS96/dp/B0CWJZ8HRZ/ref=sr_1_19?dib=eyJ2IjoiMSJ9.UoBxBYP9BEfbTo0IjALuDtrh3m-FCfp1oMqrUDjql0qnPaippa_G5cRD5V3Itz50JRMupvmkIXQ07P8vIorFr8NK6wqsFoot36d9yJBLjr_IuG-K97YC22UqlpBIi7LBWnnqBnOwFs7cq1ZqxjRysgpAnZEGGE62ml5ImLkdj3Z4s2iFnav2zbmBqsNcORFmrK1kZK--pM4gkC1DjvbhmHOAxNaEJFATQUbsaHqKGHK_9Jiy4wVFQMguQPwMrBqxH9X3r4vp-aJ-UFk9Z7ejN1K90Q1wg5diigQuSb2a-M0.YrQFl8Dun5nQBUyFMVnEStp3wKXpo8qm6hd6QvMX6Ag&dib_tag=se&keywords=laptop&qid=1741164861&sr=8-19
10020,laptop,"Lenovo IdeaPad 3 15.6"" FHD Chromebook Laptop, Intel Celeron N4500, Intel UHD Graphics, 4GB RAM, 64GB SSD, USB-A&C, HDMI, WiFi, Chrome OS",3.7 out of 5 stars,9,S$275.01,,https://www.amazon.sg/Lenovo-IdeaPad-Chromebook-Celeron-Graphics/dp/B0D7SK7H8N/ref=sr_1_20?dib=eyJ2IjoiMSJ9.UoBxBYP9BEfbTo0IjALuDtrh3m-FCfp1oMqrUDjql0qnPaippa_G5cRD5V3Itz50JRMupvmkIXQ07P8vIorFr8NK6wqsFoot36d9yJBLjr_IuG-K97YC22UqlpBIi7LBWnnqBnOwFs7cq1ZqxjRysgpAnZEGGE62ml5ImLkdj3Z4s2iFnav2zbmBqsNcORFmrK1kZK--pM4gkC1DjvbhmHOAxNaEJFATQUbsaHqKGHK_9Jiy4wVFQMguQPwMrBqxH9X3r4vp-aJ-UFk9Z7ejN1K90Q1wg5diigQuSb2a-M0.YrQFl8Dun5nQBUyFMVnEStp3wKXpo8qm6hd6QvMX6Ag&dib_tag=se&keywords=laptop&qid=1741164861&sr=8-20
10021,laptop,Sponsored Ad – L20M3PF0 Laptop Battery L20C3PF0 L20L3PF0 5B11B36275 Compatible for Lenovo V15 G3 IAP 82TT00EXFR 82TT00D6SP 82TT00C6YA 83A2001AMZ 11.1V 4054mAh 45Wh,N/A,Not found,S$55.99,"Get it as soon as Fri, 7 Mar",https://www.amazon.sg/sspa/click?ie=UTF8&spc=MToyMDU2NTQ3MDkyNzI1MDg2OjE3NDExNjQ4NjI6c3BfbXRmOjMwMDA2ODk1NzYwNzg2Mjo6MDo6&url=%2FL20M3PF0-5B11B36275-Compatible-82TT00EXFR-82TT00D6SP%2Fdp%2FB0B9NBR2PN%2Fref%3Dsr_1_21_sspa%3Fdib%3DeyJ2IjoiMSJ9.UoBxBYP9BEfbTo0IjALuDtrh3m-FCfp1oMqrUDjql0qnPaippa_G5cRD5V3Itz50JRMupvmkIXQ07P8vIorFr8NK6wqsFoot36d9yJBLjr_IuG-K97YC22UqlpBIi7LBWnnqBnOwFs7cq1ZqxjRysgpAnZEGGE62ml5ImLkdj3Z4s2iFnav2zbmBqsNcORFmrK1kZK--pM4gkC1DjvbhmHOAxNaEJFATQUbsaHqKGHK_9Jiy4wVFQMguQPwMrBqxH9X3r4vp-aJ-UFk9Z7ejN1K90Q1wg5diigQuSb2a-M0.YrQFl8Dun5nQBUyFMVnEStp3wKXpo8qm6hd6QvMX6Ag%26dib_tag%3Dse%26keywords%3Dlaptop%26qid%3D1741164861%26sr%3D8-21-spons%26sp_csd%3Dd2lkZ2V0TmFtZT1zcF9tdGY%26psc%3D1
10022,laptop,"Sponsored Ad – Samsonite Litepoint Laptop Backpack, Black (Black), Laptop Backpack 14.1"", Minimalistic",4.3 out of 5 stars,36,S$189.00,FREE Delivery,https://www.amazon.sg/sspa/click?ie=UTF8&spc=MToyMDU2NTQ3MDkyNzI1MDg2OjE3NDExNjQ4NjI6c3BfbXRmOjMwMDA4MjI4NTEwMjQ2Mjo6MDo6&url=%2FSamsonite-Litepoint-Laptop-Backpack-Minimalistic%2Fdp%2FB093TY9Q9Y%2Fref%3Dsr_1_22_sspa%3Fdib%3DeyJ2IjoiMSJ9.UoBxBYP9BEfbTo0IjALuDtrh3m-FCfp1oMqrUDjql0qnPaippa_G5cRD5V3Itz50JRMupvmkIXQ07P8vIorFr8NK6wqsFoot36d9yJBLjr_IuG-K97YC22UqlpBIi7LBWnnqBnOwFs7cq1ZqxjRysgpAnZEGGE62ml5ImLkdj3Z4s2iFnav2zbmBqsNcORFmrK1kZK--pM4gkC1DjvbhmHOAxNaEJFATQUbsaHqKGHK_9Jiy4wVFQMguQPwMrBqxH9X3r4vp-aJ-UFk9Z7ejN1K90Q1wg5diigQuSb2a-M0.YrQFl8Dun5nQBUyFMVnEStp3wKXpo8qm6hd6QvMX6Ag%26dib_tag%3Dse%26keywords%3Dlaptop%26qid%3D1741164861%26sr%3D8-22-spons%26sp_csd%3Dd2lkZ2V0TmFtZT1zcF9tdGY%26psc%3D1
10023,laptop,"Sponsored Ad – ARMORR Orion 11.6 Inch Portable Monitor IPS Screen with USB Type-C and HDMI in for PS5, PS4, Xbox, PC, Laptop, Smartphone, Gaming Monitor, Nintendo Switch Screen",4.0 out of 5 stars,39,S$123.99,"Get it as soon as Fri, 7 Mar",https://www.amazon.sg/sspa/click?ie=UTF8&spc=MToyMDU2NTQ3MDkyNzI1MDg2OjE3NDExNjQ4NjI6c3BfbXRmOjMwMDA4Mzc4Mzc5NjU2Mjo6MDo6&url=%2FARMORR-Portable-Monitor-Smartphone-Nintendo%2Fdp%2FB0D21TXYHY%2Fref%3Dsr_1_23_sspa%3Fdib%3DeyJ2IjoiMSJ9.UoBxBYP9BEfbTo0IjALuDtrh3m-FCfp1oMqrUDjql0qnPaippa_G5cRD5V3Itz50JRMupvmkIXQ07P8vIorFr8NK6wqsFoot36d9yJBLjr_IuG-K97YC22UqlpBIi7LBWnnqBnOwFs7cq1ZqxjRysgpAnZEGGE62ml5ImLkdj3Z4s2iFnav2zbmBqsNcORFmrK1kZK--pM4gkC1DjvbhmHOAxNaEJFATQUbsaHqKGHK_9Jiy4wVFQMguQPwMrBqxH9X3r4vp-aJ-UFk9Z7ejN1K90Q1wg5diigQuSb2a-M0.YrQFl8Dun5nQBUyFMVnEStp3wKXpo8qm6hd6QvMX6Ag%26dib_tag%3Dse%26keywords%3Dlaptop%26qid%3D1741164861%26sr%3D8-23-spons%26sp_csd%3Dd2lkZ2V0TmFtZT1zcF9tdGY%26psc%3D1
10024,laptop,"Sponsored Ad – Mountain Stand Vertical Laptop Stand For External Monitor Or Use As Laptop Stand. Adjustable Laptop Stand Is Ideal for MacBook Pro Stand, Gaming Laptop, Fits All Brands with Up To 17"" Monitor (Silver)",4.6 out of 5 stars,56,S$18.90,"Get it as soon as Fri, 7 Mar",https://www.amazon.sg/sspa/click?ie=UTF8&spc=MToyMDU2NTQ3MDkyNzI1MDg2OjE3NDExNjQ4NjI6c3BfbXRmOjMwMDAwMTg1OTM3OTY2Mjo6MDo6&url=%2FMountain-Stand-Vertical-External-Adjustable%2Fdp%2FB081SN2L8S%2Fref%3Dsr_1_24_sspa%3Fdib%3DeyJ2IjoiMSJ9.UoBxBYP9BEfbTo0IjALuDtrh3m-FCfp1oMqrUDjql0qnPaippa_G5cRD5V3Itz50JRMupvmkIXQ07P8vIorFr8NK6wqsFoot36d9yJBLjr_IuG-K97YC22UqlpBIi7LBWnnqBnOwFs7cq1ZqxjRysgpAnZEGGE62ml5ImLkdj3Z4s2iFnav2zbmBqsNcORFmrK1kZK--pM4gkC1DjvbhmHOAxNaEJFATQUbsaHqKGHK_9Jiy4wVFQMguQPwMrBqxH9X3r4vp-aJ-UFk9Z7ejN1K90Q1wg5diigQuSb2a-M0.YrQFl8Dun5nQBUyFMVnEStp3wKXpo8qm6hd6QvMX6Ag%26dib_tag%3Dse%26keywords%3Dlaptop%26qid%3D1741164861%26sr%3D8-24-spons%26sp_csd%3Dd2lkZ2V0TmFtZT1zcF9tdGY%26psc%3D1
10025,laptop,"Lenovo 15.6"" IdeaPad Essential Laptop Computer, Windows 11 Pro with Microsoft Office Lifetime Suite, Intel Dual Core Processor, PLUSERA Earphones (Intel Dual-Core, 20GB RAM | 1TB SSD + 128GB eMMC)",3.6 out of 5 stars,55,S$649.39,,https://www.amazon.sg/Lenovo-Essential-Microsoft-Processor-Earphones/dp/B0DKKQG8F1/ref=sr_1_25?dib=eyJ2IjoiMSJ9.UoBxBYP9BEfbTo0IjALuDtrh3m-FCfp1oMqrUDjql0qnPaippa_G5cRD5V3Itz50JRMupvmkIXQ07P8vIorFr8NK6wqsFoot36d9yJBLjr_IuG-K97YC22UqlpBIi7LBWnnqBnOwFs7cq1ZqxjRysgpAnZEGGE62ml5ImLkdj3Z4s2iFnav2zbmBqsNcORFmrK1kZK--pM4gkC1DjvbhmHOAxNaEJFATQUbsaHqKGHK_9Jiy4wVFQMguQPwMrBqxH9X3r4vp-aJ-UFk9Z7ejN1K90Q1wg5diigQuSb2a-M0.YrQFl8Dun5nQBUyFMVnEStp3wKXpo8qm6hd6QvMX6Ag&dib_tag=se&keywords=laptop&qid=1741164861&sr=8-25
10026,laptop,"ASUS 14"" FHD (1920 x 1080) IPS LED Laptop, Intel Pentium N6000, 4-core, 4GB Memory, 64GB eMMC, Star Black, Windows 11 Home, HDMI, TWE Mouse Pad & Micro 64GB SD Card",N/A,Not found,S$257.28,,https://www.amazon.sg/ASUS-Laptop-Intel-Pentium-Windows/dp/B0DPHCSBZR/ref=sr_1_26?dib=eyJ2IjoiMSJ9.UoBxBYP9BEfbTo0IjALuDtrh3m-FCfp1oMqrUDjql0qnPaippa_G5cRD5V3Itz50JRMupvmkIXQ07P8vIorFr8NK6wqsFoot36d9yJBLjr_IuG-K97YC22UqlpBIi7LBWnnqBnOwFs7cq1ZqxjRysgpAnZEGGE62ml5ImLkdj3Z4s2iFnav2zbmBqsNcORFmrK1kZK--pM4gkC1DjvbhmHOAxNaEJFATQUbsaHqKGHK_9Jiy4wVFQMguQPwMrBqxH9X3r4vp-aJ-UFk9Z7ejN1K90Q1wg5diigQuSb2a-M0.YrQFl8Dun5nQBUyFMVnEStp3wKXpo8qm6hd6QvMX6Ag&dib_tag=se&keywords=laptop&qid=1741164861&sr=8-26
10027,laptop,[New 2024 Model ]Acer Aspire Go 15 AG15-31P-C1PX Laptop 15.6-Inch FHD Display with Preloaded Microsoft Office 365,N/A,Not found,S$428.00,"Get it as soon as Sat, 8 Mar",https://www.amazon.sg/Acer-Aspire-Go-15-AG15-31P-C1PX/dp/B0CSX87MZQ/ref=sr_1_27?dib=eyJ2IjoiMSJ9.UoBxBYP9BEfbTo0IjALuDtrh3m-FCfp1oMqrUDjql0qnPaippa_G5cRD5V3Itz50JRMupvmkIXQ07P8vIorFr8NK6wqsFoot36d9yJBLjr_IuG-K97YC22UqlpBIi7LBWnnqBnOwFs7cq1ZqxjRysgpAnZEGGE62ml5ImLkdj3Z4s2iFnav2zbmBqsNcORFmrK1kZK--pM4gkC1DjvbhmHOAxNaEJFATQUbsaHqKGHK_9Jiy4wVFQMguQPwMrBqxH9X3r4vp-aJ-UFk9Z7ejN1K90Q1wg5diigQuSb2a-M0.YrQFl8Dun5nQBUyFMVnEStp3wKXpo8qm6hd6QvMX6Ag&dib_tag=se&keywords=laptop&qid=1741164861&sr=8-27
10028,laptop,"ASUS 2024 Business Laptop, 14"" FHD Display, Intel Celeron N4500, 1-Year of Microsoft 365, 4GB RAM, 64GB eMMC, Intel Graphics, Wi-Fi 5, Windows 11",5.0 out of 5 stars,1,S$289.18,,https://www.amazon.sg/ASUS-Business-N4500-Microsoft-Graphics/dp/B0DHKRYZX3/ref=sr_1_28?dib=eyJ2IjoiMSJ9.UoBxBYP9BEfbTo0IjALuDtrh3m-FCfp1oMqrUDjql0qnPaippa_G5cRD5V3Itz50JRMupvmkIXQ07P8vIorFr8NK6wqsFoot36d9yJBLjr_IuG-K97YC22UqlpBIi7LBWnnqBnOwFs7cq1ZqxjRysgpAnZEGGE62ml5ImLkdj3Z4s2iFnav2zbmBqsNcORFmrK1kZK--pM4gkC1DjvbhmHOAxNaEJFATQUbsaHqKGHK_9Jiy4wVFQMguQPwMrBqxH9X3r4vp-aJ-UFk9Z7ejN1K90Q1wg5diigQuSb2a-M0.YrQFl8Dun5nQBUyFMVnEStp3wKXpo8qm6hd6QvMX6Ag&dib_tag=se&keywords=laptop&qid=1741164861&sr=8-28
10029,laptop,"Lenovo Chromebook 14"" Touchscreen Slim Laptop Business Student, 8-Core MediaTek Kompanio 520, 4GB RAM, 128GB Storage (64GB eMMC+64GB Card), WiFi 6, Long Battery, Chrome OS+MarxsolAccessory",4.2 out of 5 stars,38,S$369.60,,https://www.amazon.sg/Lenovo-Chromebook-Touchscreen-Slim-MarxsolAccessory/dp/B0DCLJ9V2B/ref=sr_1_29?dib=eyJ2IjoiMSJ9.UoBxBYP9BEfbTo0IjALuDtrh3m-FCfp1oMqrUDjql0qnPaippa_G5cRD5V3Itz50JRMupvmkIXQ07P8vIorFr8NK6wqsFoot36d9yJBLjr_IuG-K97YC22UqlpBIi7LBWnnqBnOwFs7cq1ZqxjRysgpAnZEGGE62ml5ImLkdj3Z4s2iFnav2zbmBqsNcORFmrK1kZK--pM4gkC1DjvbhmHOAxNaEJFATQUbsaHqKGHK_9Jiy4wVFQMguQPwMrBqxH9X3r4vp-aJ-UFk9Z7ejN1K90Q1wg5diigQuSb2a-M0.YrQFl8Dun5nQBUyFMVnEStp3wKXpo8qm6hd6QvMX6Ag&dib_tag=se&keywords=laptop&qid=1741164861&sr=8-29
10030,laptop,"HP Chromebook 14"" HD Laptop, Intel N200 Processor, 4GB LPDDR5 RAM, 128GB UFS, Chrome OS, Glacier Silver, Intel UHD Graphics, Bundle with TWE Mouse Pad",4.0 out of 5 stars,5,S$290.24,,https://www.amazon.sg/HP-Chromebook-Intel-Processor-Graphics/dp/B0DNLQS1CP/ref=sr_1_30?dib=eyJ2IjoiMSJ9.UoBxBYP9BEfbTo0IjALuDtrh3m-FCfp1oMqrUDjql0qnPaippa_G5cRD5V3Itz50JRMupvmkIXQ07P8vIorFr8NK6wqsFoot36d9yJBLjr_IuG-K97YC22UqlpBIi7LBWnnqBnOwFs7cq1ZqxjRysgpAnZEGGE62ml5ImLkdj3Z4s2iFnav2zbmBqsNcORFmrK1kZK--pM4gkC1DjvbhmHOAxNaEJFATQUbsaHqKGHK_9Jiy4wVFQMguQPwMrBqxH9X3r4vp-aJ-UFk9Z7ejN1K90Q1wg5diigQuSb2a-M0.YrQFl8Dun5nQBUyFMVnEStp3wKXpo8qm6hd6QvMX6Ag&dib_tag=se&keywords=laptop&qid=1741164861&sr=8-30
10031,laptop,"HP 17.3 inch Laptop, FHD Display, AMD Ryzen 5 7520U, 16 GB RAM, 512 GB SSD, AMD Radeon Graphics, Windows 11 Home, 17-cp2099nr (2024)",4.5 out of 5 stars,117,S$879.11,,https://www.amazon.sg/HP-AMD-7520U-Graphics-17-cp2099nr/dp/B0CVNH95DX/ref=sr_1_31?dib=eyJ2IjoiMSJ9.UoBxBYP9BEfbTo0IjALuDtrh3m-FCfp1oMqrUDjql0qnPaippa_G5cRD5V3Itz50JRMupvmkIXQ07P8vIorFr8NK6wqsFoot36d9yJBLjr_IuG-K97YC22UqlpBIi7LBWnnqBnOwFs7cq1ZqxjRysgpAnZEGGE62ml5ImLkdj3Z4s2iFnav2zbmBqsNcORFmrK1kZK--pM4gkC1DjvbhmHOAxNaEJFATQUbsaHqKGHK_9Jiy4wVFQMguQPwMrBqxH9X3r4vp-aJ-UFk9Z7ejN1K90Q1wg5diigQuSb2a-M0.YrQFl8Dun5nQBUyFMVnEStp3wKXpo8qm6hd6QvMX6Ag&dib_tag=se&keywords=laptop&qid=1741164861&sr=8-31
10032,laptop,"CHUWI HeroBook Pro 14.1 inch Windows 10 Laptop PC, 8G RAM / 256GB SSD with 1080P Display, Intel Gmini Lake N4000 Notebook, Thin and Lightweight",3.8 out of 5 stars,"2,374",S$302.04,,https://www.amazon.sg/CHUWI-HeroBook-Pro-Notebook-Lightweight/dp/B08316YSKH/ref=sr_1_32?dib=eyJ2IjoiMSJ9.UoBxBYP9BEfbTo0IjALuDtrh3m-FCfp1oMqrUDjql0qnPaippa_G5cRD5V3Itz50JRMupvmkIXQ07P8vIorFr8NK6wqsFoot36d9yJBLjr_IuG-K97YC22UqlpBIi7LBWnnqBnOwFs7cq1ZqxjRysgpAnZEGGE62ml5ImLkdj3Z4s2iFnav2zbmBqsNcORFmrK1kZK--pM4gkC1DjvbhmHOAxNaEJFATQUbsaHqKGHK_9Jiy4wVFQMguQPwMrBqxH9X3r4vp-aJ-UFk9Z7ejN1K90Q1wg5diigQuSb2a-M0.YrQFl8Dun5nQBUyFMVnEStp3wKXpo8qm6hd6QvMX6Ag&dib_tag=se&keywords=laptop&qid=1741164861&sr=8-32
10033,laptop,"Lenovo Ideapad 14 Laptop, 14"" HD Screen, Intel Pentium Silver N5030, 4GB RAM, 128GB PCIe SSD (NO eMMC), Webcam, HDMI, SD Card Reader, Win 11, Gray, 1 Year Office 365, with Bundled Accessories",4.0 out of 5 stars,142,S$309.96,,https://www.amazon.sg/Lenovo-Ideapad-Pentium-Bundled-Accessories/dp/B0C8ZZJRSL/ref=sr_1_33?dib=eyJ2IjoiMSJ9.UoBxBYP9BEfbTo0IjALuDtrh3m-FCfp1oMqrUDjql0qnPaippa_G5cRD5V3Itz50JRMupvmkIXQ07P8vIorFr8NK6wqsFoot36d9yJBLjr_IuG-K97YC22UqlpBIi7LBWnnqBnOwFs7cq1ZqxjRysgpAnZEGGE62ml5ImLkdj3Z4s2iFnav2zbmBqsNcORFmrK1kZK--pM4gkC1DjvbhmHOAxNaEJFATQUbsaHqKGHK_9Jiy4wVFQMguQPwMrBqxH9X3r4vp-aJ-UFk9Z7ejN1K90Q1wg5diigQuSb2a-M0.YrQFl8Dun5nQBUyFMVnEStp3wKXpo8qm6hd6QvMX6Ag&dib_tag=se&keywords=laptop&qid=1741164861&sr=8-33
10034,laptop,"ASUS 14"" Laptop for Business & Student, 14"" FHD Display, Intel Celeron N4500, 1-Year of Microsoft 365, 4GB Memory, 64GB eMMC, NumberPad, Webcam, Wi-Fi, HDMI, Windows 11",4.0 out of 5 stars,1,S$261.53,,https://www.amazon.sg/ASUS-Business-Student-Microsoft-NumberPad/dp/B0DFCFN97X/ref=sr_1_34?dib=eyJ2IjoiMSJ9.UoBxBYP9BEfbTo0IjALuDtrh3m-FCfp1oMqrUDjql0qnPaippa_G5cRD5V3Itz50JRMupvmkIXQ07P8vIorFr8NK6wqsFoot36d9yJBLjr_IuG-K97YC22UqlpBIi7LBWnnqBnOwFs7cq1ZqxjRysgpAnZEGGE62ml5ImLkdj3Z4s2iFnav2zbmBqsNcORFmrK1kZK--pM4gkC1DjvbhmHOAxNaEJFATQUbsaHqKGHK_9Jiy4wVFQMguQPwMrBqxH9X3r4vp-aJ-UFk9Z7ejN1K90Q1wg5diigQuSb2a-M0.YrQFl8Dun5nQBUyFMVnEStp3wKXpo8qm6hd6QvMX6Ag&dib_tag=se&keywords=laptop&qid=1741164861&sr=8-34
10035,laptop,"ASUS Vivobook 16 FHD+ Ryzen 7 Laptop, 16"" FHD+ 1920 * 1200, AMD Ryzen 7 7730U (Beats Intel i7-1255U), 16GB RAM, 1TB SSD, Backlit KB, FP Reader, Touchpad, Webcam, HDMI, Wi-Fi 6, Windows 11 Home, Black",4.9 out of 5 stars,19,S$981.29,,https://www.amazon.sg/ASUS-Vivobook-i7-1255U-Backlit-Touchpad/dp/B0D6GY8CRT/ref=sr_1_35?dib=eyJ2IjoiMSJ9.UoBxBYP9BEfbTo0IjALuDtrh3m-FCfp1oMqrUDjql0qnPaippa_G5cRD5V3Itz50JRMupvmkIXQ07P8vIorFr8NK6wqsFoot36d9yJBLjr_IuG-K97YC22UqlpBIi7LBWnnqBnOwFs7cq1ZqxjRysgpAnZEGGE62ml5ImLkdj3Z4s2iFnav2zbmBqsNcORFmrK1kZK--pM4gkC1DjvbhmHOAxNaEJFATQUbsaHqKGHK_9Jiy4wVFQMguQPwMrBqxH9X3r4vp-aJ-UFk9Z7ejN1K90Q1wg5diigQuSb2a-M0.YrQFl8Dun5nQBUyFMVnEStp3wKXpo8qm6hd6QvMX6Ag&dib_tag=se&keywords=laptop&qid=1741164861&sr=8-35
10036,laptop,"Acer Nitro V Gaming Laptop | Intel Core i5-13420H Processor | NVIDIA GeForce RTX 4050 Laptop GPU | 15.6"" FHD IPS 144Hz Display | 8GB DDR5 | 512GB Gen 4 SSD | WiFi 6 | Backlit KB | ANV15-51-51H9",4.2 out of 5 stars,939,"S$1,122.74",,https://www.amazon.sg/i5-13420H-Processor-GeForce-Display-ANV15-51-51H9/dp/B0CP8D4SM2/ref=sr_1_36?dib=eyJ2IjoiMSJ9.UoBxBYP9BEfbTo0IjALuDtrh3m-FCfp1oMqrUDjql0qnPaippa_G5cRD5V3Itz50JRMupvmkIXQ07P8vIorFr8NK6wqsFoot36d9yJBLjr_IuG-K97YC22UqlpBIi7LBWnnqBnOwFs7cq1ZqxjRysgpAnZEGGE62ml5ImLkdj3Z4s2iFnav2zbmBqsNcORFmrK1kZK--pM4gkC1DjvbhmHOAxNaEJFATQUbsaHqKGHK_9Jiy4wVFQMguQPwMrBqxH9X3r4vp-aJ-UFk9Z7ejN1K90Q1wg5diigQuSb2a-M0.YrQFl8Dun5nQBUyFMVnEStp3wKXpo8qm6hd6QvMX6Ag&dib_tag=se&keywords=laptop&qid=1741164861&sr=8-36
10037,laptop,"HP Premium 14"" Stream HD Laptop, Intel Celeron N4120 CPU, 16GB RAM, 64GB eMMC, Webcam, UHD Graphics, Bluetooth, WiFi, HDMI, 1 Year Office 365, Win 11s, White, 32GB Hotface USB Card",4.0 out of 5 stars,766,S$388.63,,https://www.amazon.sg/HP-Premium-Stream-Graphics-Bluetooth/dp/B0CJP7SFX6/ref=sr_1_37?dib=eyJ2IjoiMSJ9.UoBxBYP9BEfbTo0IjALuDtrh3m-FCfp1oMqrUDjql0qnPaippa_G5cRD5V3Itz50JRMupvmkIXQ07P8vIorFr8NK6wqsFoot36d9yJBLjr_IuG-K97YC22UqlpBIi7LBWnnqBnOwFs7cq1ZqxjRysgpAnZEGGE62ml5ImLkdj3Z4s2iFnav2zbmBqsNcORFmrK1kZK--pM4gkC1DjvbhmHOAxNaEJFATQUbsaHqKGHK_9Jiy4wVFQMguQPwMrBqxH9X3r4vp-aJ-UFk9Z7ejN1K90Q1wg5diigQuSb2a-M0.YrQFl8Dun5nQBUyFMVnEStp3wKXpo8qm6hd6QvMX6Ag&dib_tag=se&keywords=laptop&qid=1741164861&sr=8-37
10038,laptop,"acer Chromebook 315 Laptop, 15.6"" HD Laptop, Intel Pentium N6000, 4-Core, 4GB LPDDR4X, 128GB eMMC, Webcam, WiFi 6, Chrome OS, Protective Sleeve, Silver, TWE 64GB Micro SD Card",3.7 out of 5 stars,3,S$266.73,,https://www.amazon.sg/acer-Chromebook-Intel-Pentium-Protective/dp/B0DSP3DWLS/ref=sr_1_38?dib=eyJ2IjoiMSJ9.UoBxBYP9BEfbTo0IjALuDtrh3m-FCfp1oMqrUDjql0qnPaippa_G5cRD5V3Itz50JRMupvmkIXQ07P8vIorFr8NK6wqsFoot36d9yJBLjr_IuG-K97YC22UqlpBIi7LBWnnqBnOwFs7cq1ZqxjRysgpAnZEGGE62ml5ImLkdj3Z4s2iFnav2zbmBqsNcORFmrK1kZK--pM4gkC1DjvbhmHOAxNaEJFATQUbsaHqKGHK_9Jiy4wVFQMguQPwMrBqxH9X3r4vp-aJ-UFk9Z7ejN1K90Q1wg5diigQuSb2a-M0.YrQFl8Dun5nQBUyFMVnEStp3wKXpo8qm6hd6QvMX6Ag&dib_tag=se&keywords=laptop&qid=1741164861&sr=8-38
10039,laptop,"acer Chromebook 315 Laptop, 15.6"" HD Display, Intel Celeron N4020(Up to 2.8GHz), 4GB RAM, 64GB eMMC, Intel UHD Graphics, 12.5H Long Battery, WiFi, Bluetooth, Chrome OS",4.3 out of 5 stars,147,S$262.36,,https://www.amazon.sg/acer-Chromebook-Display-Graphics-Bluetooth/dp/B0CLNKRXJG/ref=sr_1_39?dib=eyJ2IjoiMSJ9.UoBxBYP9BEfbTo0IjALuDtrh3m-FCfp1oMqrUDjql0qnPaippa_G5cRD5V3Itz50JRMupvmkIXQ07P8vIorFr8NK6wqsFoot36d9yJBLjr_IuG-K97YC22UqlpBIi7LBWnnqBnOwFs7cq1ZqxjRysgpAnZEGGE62ml5ImLkdj3Z4s2iFnav2zbmBqsNcORFmrK1kZK--pM4gkC1DjvbhmHOAxNaEJFATQUbsaHqKGHK_9Jiy4wVFQMguQPwMrBqxH9X3r4vp-aJ-UFk9Z7ejN1K90Q1wg5diigQuSb2a-M0.YrQFl8Dun5nQBUyFMVnEStp3wKXpo8qm6hd6QvMX6Ag&dib_tag=se&keywords=laptop&qid=1741164861&sr=8-39
10040,laptop,"HP 15 Notebook Laptop, 15.6"" Full HD Display, Intel Core i5-1135G7 Processor, 16GB DDR4 RAM, 512GB PCIe SSD, USB Type-C, Webcam, Wi-Fi, Windows 11 Home, Silver",4.1 out of 5 stars,151,S$729.25,,https://www.amazon.sg/HP-Notebook-Display-i5-1135G7-Processor/dp/B09X8M42C8/ref=sr_1_40?dib=eyJ2IjoiMSJ9.UoBxBYP9BEfbTo0IjALuDtrh3m-FCfp1oMqrUDjql0qnPaippa_G5cRD5V3Itz50JRMupvmkIXQ07P8vIorFr8NK6wqsFoot36d9yJBLjr_IuG-K97YC22UqlpBIi7LBWnnqBnOwFs7cq1ZqxjRysgpAnZEGGE62ml5ImLkdj3Z4s2iFnav2zbmBqsNcORFmrK1kZK--pM4gkC1DjvbhmHOAxNaEJFATQUbsaHqKGHK_9Jiy4wVFQMguQPwMrBqxH9X3r4vp-aJ-UFk9Z7ejN1K90Q1wg5diigQuSb2a-M0.YrQFl8Dun5nQBUyFMVnEStp3wKXpo8qm6hd6QvMX6Ag&dib_tag=se&keywords=laptop&qid=1741164861&sr=8-40
10041,laptop,"HP 2024 Stream 14 inch Laptop for Students and Business, Silver Laptop 16GB RAM + 128GB eMMC Storage, 1-Year Office 365, ‎Intel Celeron N4120, Intel UHD Graphics, Win 11 S",3.8 out of 5 stars,4,S$373.69,,https://www.amazon.sg/HP-Students-Celeron-N4120-Intel/dp/B0DDXSRM2L/ref=sr_1_41?dib=eyJ2IjoiMSJ9.UoBxBYP9BEfbTo0IjALuDtrh3m-FCfp1oMqrUDjql0qnPaippa_G5cRD5V3Itz50JRMupvmkIXQ07P8vIorFr8NK6wqsFoot36d9yJBLjr_IuG-K97YC22UqlpBIi7LBWnnqBnOwFs7cq1ZqxjRysgpAnZEGGE62ml5ImLkdj3Z4s2iFnav2zbmBqsNcORFmrK1kZK--pM4gkC1DjvbhmHOAxNaEJFATQUbsaHqKGHK_9Jiy4wVFQMguQPwMrBqxH9X3r4vp-aJ-UFk9Z7ejN1K90Q1wg5diigQuSb2a-M0.YrQFl8Dun5nQBUyFMVnEStp3wKXpo8qm6hd6QvMX6Ag&dib_tag=se&keywords=laptop&qid=1741164861&sr=8-41
10042,laptop,"HP 14 inch Laptop, HD Display, 12th Generation Intel Core i3-1215U, 8 GB RAM, 256 GB SSD, Intel UHD Graphics, Windows 11 Home in S Mode, 14-dq5009nr (2024)",4.2 out of 5 stars,491,S$540.57,,https://www.amazon.sg/HP-Generation-i3-1215U-Graphics-14-dq5009nr/dp/B0CS3XPZNH/ref=sr_1_42?dib=eyJ2IjoiMSJ9.UoBxBYP9BEfbTo0IjALuDtrh3m-FCfp1oMqrUDjql0qnPaippa_G5cRD5V3Itz50JRMupvmkIXQ07P8vIorFr8NK6wqsFoot36d9yJBLjr_IuG-K97YC22UqlpBIi7LBWnnqBnOwFs7cq1ZqxjRysgpAnZEGGE62ml5ImLkdj3Z4s2iFnav2zbmBqsNcORFmrK1kZK--pM4gkC1DjvbhmHOAxNaEJFATQUbsaHqKGHK_9Jiy4wVFQMguQPwMrBqxH9X3r4vp-aJ-UFk9Z7ejN1K90Q1wg5diigQuSb2a-M0.YrQFl8Dun5nQBUyFMVnEStp3wKXpo8qm6hd6QvMX6Ag&dib_tag=se&keywords=laptop&qid=1741164861&sr=8-42
10043,laptop,"HP 14 Inch Thin and Light Laptop for Student and Business, Intel Celeron N4120, 12H Long Battery, 16GB RAM, 320GB Storage (64GB eMMC+256GB Micro SD), UHD Graphics, Jet Black, Win 11 Home S",4.0 out of 5 stars,23,S$397.84,,https://www.amazon.sg/HP-Student-Business-Celeron-Graphics/dp/B0CK2J1P5B/ref=sr_1_43?dib=eyJ2IjoiMSJ9.UoBxBYP9BEfbTo0IjALuDtrh3m-FCfp1oMqrUDjql0qnPaippa_G5cRD5V3Itz50JRMupvmkIXQ07P8vIorFr8NK6wqsFoot36d9yJBLjr_IuG-K97YC22UqlpBIi7LBWnnqBnOwFs7cq1ZqxjRysgpAnZEGGE62ml5ImLkdj3Z4s2iFnav2zbmBqsNcORFmrK1kZK--pM4gkC1DjvbhmHOAxNaEJFATQUbsaHqKGHK_9Jiy4wVFQMguQPwMrBqxH9X3r4vp-aJ-UFk9Z7ejN1K90Q1wg5diigQuSb2a-M0.YrQFl8Dun5nQBUyFMVnEStp3wKXpo8qm6hd6QvMX6Ag&dib_tag=se&keywords=laptop&qid=1741164861&sr=8-43
10044,laptop,"HP Stream 14"" HD Thin and Light Laptop, Intel Celeron N4120, 16GB RAM, 128GB eMMC Storage, Long Battery Life, HD Webcam, HDMI, Silver, Office 365 1-Year, Windows 11 S, 128GB Cuertns MicroSD",4.2 out of 5 stars,123,S$362.89,,https://www.amazon.sg/HP-Stream-14-Celeron-Storage/dp/B0DD6ZBGQX/ref=sr_1_44?dib=eyJ2IjoiMSJ9.UoBxBYP9BEfbTo0IjALuDtrh3m-FCfp1oMqrUDjql0qnPaippa_G5cRD5V3Itz50JRMupvmkIXQ07P8vIorFr8NK6wqsFoot36d9yJBLjr_IuG-K97YC22UqlpBIi7LBWnnqBnOwFs7cq1ZqxjRysgpAnZEGGE62ml5ImLkdj3Z4s2iFnav2zbmBqsNcORFmrK1kZK--pM4gkC1DjvbhmHOAxNaEJFATQUbsaHqKGHK_9Jiy4wVFQMguQPwMrBqxH9X3r4vp-aJ-UFk9Z7ejN1K90Q1wg5diigQuSb2a-M0.YrQFl8Dun5nQBUyFMVnEStp3wKXpo8qm6hd6QvMX6Ag&dib_tag=se&keywords=laptop&qid=1741164861&sr=8-44
10045,laptop,"acer Nitro V Gaming Laptop | Intel Core i9-13900H Processor | NVIDIA GeForce RTX 4060 Laptop GPU | 15.6"" FHD IPS 144Hz Display | 16GB DDR5 | 512GB Gen 4 SSD | WiFi 6 | Backlit KB | ANV15-51-99DR",3.9 out of 5 stars,83,"S$1,523.73",,https://www.amazon.sg/acer-i9-13900H-Processor-GeForce-ANV15-51-99DR/dp/B0D8JXHZTH/ref=sr_1_45?dib=eyJ2IjoiMSJ9.UoBxBYP9BEfbTo0IjALuDtrh3m-FCfp1oMqrUDjql0qnPaippa_G5cRD5V3Itz50JRMupvmkIXQ07P8vIorFr8NK6wqsFoot36d9yJBLjr_IuG-K97YC22UqlpBIi7LBWnnqBnOwFs7cq1ZqxjRysgpAnZEGGE62ml5ImLkdj3Z4s2iFnav2zbmBqsNcORFmrK1kZK--pM4gkC1DjvbhmHOAxNaEJFATQUbsaHqKGHK_9Jiy4wVFQMguQPwMrBqxH9X3r4vp-aJ-UFk9Z7ejN1K90Q1wg5diigQuSb2a-M0.YrQFl8Dun5nQBUyFMVnEStp3wKXpo8qm6hd6QvMX6Ag&dib_tag=se&keywords=laptop&qid=1741164861&sr=8-45
10046,laptop,"HP Stream 14"" HD BrightView Laptop, Intel Celeron N4120, 16GB RAM, 416GB Storage (128GB eMMC + 288GB Docking Station Set), Intel UHD Graphics, 720p Camera, Wi-Fi, 1 Year Office 365, Win 11 S, Black",4.2 out of 5 stars,629,S$502.57,,https://www.amazon.sg/HP-Stream-BrightView-N4120-Graphics/dp/B0DC6H17CD/ref=sr_1_46?dib=eyJ2IjoiMSJ9.UoBxBYP9BEfbTo0IjALuDtrh3m-FCfp1oMqrUDjql0qnPaippa_G5cRD5V3Itz50JRMupvmkIXQ07P8vIorFr8NK6wqsFoot36d9yJBLjr_IuG-K97YC22UqlpBIi7LBWnnqBnOwFs7cq1ZqxjRysgpAnZEGGE62ml5ImLkdj3Z4s2iFnav2zbmBqsNcORFmrK1kZK--pM4gkC1DjvbhmHOAxNaEJFATQUbsaHqKGHK_9Jiy4wVFQMguQPwMrBqxH9X3r4vp-aJ-UFk9Z7ejN1K90Q1wg5diigQuSb2a-M0.YrQFl8Dun5nQBUyFMVnEStp3wKXpo8qm6hd6QvMX6Ag&dib_tag=se&keywords=laptop&qid=1741164861&sr=8-46
10047,laptop,"ASUS 2024 Vivobook Go 11.6” HD Laptop, Intel Dual Core N4500, Intel Graphics, 4GB, 128GB, Windows 11 Home in S Mode, Star Black, L210KA-ES04",4.0 out of 5 stars,767,S$333.30,,https://www.amazon.sg/ASUS-Vivobook-Graphics-Windows-L210KA-ES04/dp/B0CRDDWTX3/ref=sr_1_47?dib=eyJ2IjoiMSJ9.UoBxBYP9BEfbTo0IjALuDtrh3m-FCfp1oMqrUDjql0qnPaippa_G5cRD5V3Itz50JRMupvmkIXQ07P8vIorFr8NK6wqsFoot36d9yJBLjr_IuG-K97YC22UqlpBIi7LBWnnqBnOwFs7cq1ZqxjRysgpAnZEGGE62ml5ImLkdj3Z4s2iFnav2zbmBqsNcORFmrK1kZK--pM4gkC1DjvbhmHOAxNaEJFATQUbsaHqKGHK_9Jiy4wVFQMguQPwMrBqxH9X3r4vp-aJ-UFk9Z7ejN1K90Q1wg5diigQuSb2a-M0.YrQFl8Dun5nQBUyFMVnEStp3wKXpo8qm6hd6QvMX6Ag&dib_tag=se&keywords=laptop&qid=1741164861&sr=8-47
10048,laptop,"Gaming Laptop, 12GB RAM 512GB ROM Fingerprint Reader 15.6 Inch Laptop Quad Core CPU IPS Display Rose Gold 1920x1080 for Home (12+512G UK Plug)",N/A,Not found,S$387.72,"Get it as soon as Fri, 7 Mar",https://www.amazon.sg/Gaming-Laptop-Fingerprint-Display-1920x1080/dp/B0BWW7LKNR/ref=sr_1_48?dib=eyJ2IjoiMSJ9.UoBxBYP9BEfbTo0IjALuDtrh3m-FCfp1oMqrUDjql0qnPaippa_G5cRD5V3Itz50JRMupvmkIXQ07P8vIorFr8NK6wqsFoot36d9yJBLjr_IuG-K97YC22UqlpBIi7LBWnnqBnOwFs7cq1ZqxjRysgpAnZEGGE62ml5ImLkdj3Z4s2iFnav2zbmBqsNcORFmrK1kZK--pM4gkC1DjvbhmHOAxNaEJFATQUbsaHqKGHK_9Jiy4wVFQMguQPwMrBqxH9X3r4vp-aJ-UFk9Z7ejN1K90Q1wg5diigQuSb2a-M0.YrQFl8Dun5nQBUyFMVnEStp3wKXpo8qm6hd6QvMX6Ag&dib_tag=se&keywords=laptop&qid=1741164861&sr=8-48
10049,laptop,"Lenovo IdeaPad Flex 3i Chromebook Laptop, Intel® UHD Graphics, 15.6” FHD Display, Intel Pentium N6000, 8GB RAM, 128GB SSD, 1920x1080 px, Touchscreen, Chrome OS, Abyss Blue",4.2 out of 5 stars,125,S$641.56,,https://www.amazon.sg/Lenovo-Chromebook-Graphics-1920x1080-Touchscreen/dp/B0CWB3QTGF/ref=sr_1_49?dib=eyJ2IjoiMSJ9.UoBxBYP9BEfbTo0IjALuDtrh3m-FCfp1oMqrUDjql0qnPaippa_G5cRD5V3Itz50JRMupvmkIXQ07P8vIorFr8NK6wqsFoot36d9yJBLjr_IuG-K97YC22UqlpBIi7LBWnnqBnOwFs7cq1ZqxjRysgpAnZEGGE62ml5ImLkdj3Z4s2iFnav2zbmBqsNcORFmrK1kZK--pM4gkC1DjvbhmHOAxNaEJFATQUbsaHqKGHK_9Jiy4wVFQMguQPwMrBqxH9X3r4vp-aJ-UFk9Z7ejN1K90Q1wg5diigQuSb2a-M0.YrQFl8Dun5nQBUyFMVnEStp3wKXpo8qm6hd6QvMX6Ag&dib_tag=se&keywords=laptop&qid=1741164861&sr=8-49
10050,laptop,"MSI Prestige 14H 14” FHD+ Business Laptop: Intel Core i5-12500H, NVIDIA Geforce RTX 2050, 16GB LPDDR5, 512GB NVMe SSD, Cooler Boost 5, Win 11 Pro: Urban Silver B12UCX-629US",N/A,Not found,"S$1,062.96",,https://www.amazon.sg/MSI-Prestige-14H-Business-Laptop/dp/B0D3M7GQR8/ref=sr_1_50?dib=eyJ2IjoiMSJ9.UoBxBYP9BEfbTo0IjALuDtrh3m-FCfp1oMqrUDjql0qnPaippa_G5cRD5V3Itz50JRMupvmkIXQ07P8vIorFr8NK6wqsFoot36d9yJBLjr_IuG-K97YC22UqlpBIi7LBWnnqBnOwFs7cq1ZqxjRysgpAnZEGGE62ml5ImLkdj3Z4s2iFnav2zbmBqsNcORFmrK1kZK--pM4gkC1DjvbhmHOAxNaEJFATQUbsaHqKGHK_9Jiy4wVFQMguQPwMrBqxH9X3r4vp-aJ-UFk9Z7ejN1K90Q1wg5diigQuSb2a-M0.YrQFl8Dun5nQBUyFMVnEStp3wKXpo8qm6hd6QvMX6Ag&dib_tag=se&keywords=laptop&qid=1741164861&sr=8-50
10051,laptop,"HP Notebook Laptop, 14"" HD (1366 x 768) Display, AMD Ryzen 5 5500U (6 Cores), 16GB RAM, 256GB PCIe SSD, HDMI, SD Card Reader, Windows 11 Home, Natural Silver, TWE Mouse Pad",5.0 out of 5 stars,5,S$586.66,,https://www.amazon.sg/HP-Notebook-Display-AMD-Windows/dp/B0CTBJDLC2/ref=sr_1_51?dib=eyJ2IjoiMSJ9.UoBxBYP9BEfbTo0IjALuDtrh3m-FCfp1oMqrUDjql0qnPaippa_G5cRD5V3Itz50JRMupvmkIXQ07P8vIorFr8NK6wqsFoot36d9yJBLjr_IuG-K97YC22UqlpBIi7LBWnnqBnOwFs7cq1ZqxjRysgpAnZEGGE62ml5ImLkdj3Z4s2iFnav2zbmBqsNcORFmrK1kZK--pM4gkC1DjvbhmHOAxNaEJFATQUbsaHqKGHK_9Jiy4wVFQMguQPwMrBqxH9X3r4vp-aJ-UFk9Z7ejN1K90Q1wg5diigQuSb2a-M0.YrQFl8Dun5nQBUyFMVnEStp3wKXpo8qm6hd6QvMX6Ag&dib_tag=se&keywords=laptop&qid=1741164861&sr=8-51
10052,laptop,"Lenovo Ideapad 3i Flagship 14'' FHD Laptop for Business and Students Essential, 12GB RAM, 512GB NVMe SSD, Intel Dual Core Processor, Wi-Fi 6, HDMI, Dolby Audio, Windows 11 Home, GM Accessories, Gray",4.0 out of 5 stars,39,S$549.37,,https://www.amazon.sg/Lenovo-Flagship-Essential-Processor-Accessories/dp/B0BYDNNS86/ref=sr_1_52?dib=eyJ2IjoiMSJ9.UoBxBYP9BEfbTo0IjALuDtrh3m-FCfp1oMqrUDjql0qnPaippa_G5cRD5V3Itz50JRMupvmkIXQ07P8vIorFr8NK6wqsFoot36d9yJBLjr_IuG-K97YC22UqlpBIi7LBWnnqBnOwFs7cq1ZqxjRysgpAnZEGGE62ml5ImLkdj3Z4s2iFnav2zbmBqsNcORFmrK1kZK--pM4gkC1DjvbhmHOAxNaEJFATQUbsaHqKGHK_9Jiy4wVFQMguQPwMrBqxH9X3r4vp-aJ-UFk9Z7ejN1K90Q1wg5diigQuSb2a-M0.YrQFl8Dun5nQBUyFMVnEStp3wKXpo8qm6hd6QvMX6Ag&dib_tag=se&keywords=laptop&qid=1741164861&sr=8-52
10053,laptop,"Lenovo Ideapad Intel i3 Laptop, 14 Inch FHD Laptop, Intel i3-1115G4 (Up to 4.1 GHz), 12GB RAM, 256GB SSD, Intel UHD Graphics, WiFi 6, Thin & Portable College Students Laptop, Win 11 S, with Stand",4.0 out of 5 stars,1,S$521.12,,https://www.amazon.sg/Lenovo-Laptop-i3-1115G4-Graphics-Portable/dp/B0CVVX59S3/ref=sr_1_53?dib=eyJ2IjoiMSJ9.UoBxBYP9BEfbTo0IjALuDtrh3m-FCfp1oMqrUDjql0qnPaippa_G5cRD5V3Itz50JRMupvmkIXQ07P8vIorFr8NK6wqsFoot36d9yJBLjr_IuG-K97YC22UqlpBIi7LBWnnqBnOwFs7cq1ZqxjRysgpAnZEGGE62ml5ImLkdj3Z4s2iFnav2zbmBqsNcORFmrK1kZK--pM4gkC1DjvbhmHOAxNaEJFATQUbsaHqKGHK_9Jiy4wVFQMguQPwMrBqxH9X3r4vp-aJ-UFk9Z7ejN1K90Q1wg5diigQuSb2a-M0.YrQFl8Dun5nQBUyFMVnEStp3wKXpo8qm6hd6QvMX6Ag&dib_tag=se&keywords=laptop&qid=1741164861&sr=8-53
10054,laptop,"ASUS Vivobook go 14"" FHD Laptop, Intel Pentium N6000 (Up to 3.30GHz), 1920x1080 Display, 4GB Memory, 64GB eMMC, 1-Year of Microsoft 365, NumberPad, Webcam, HDMI, Wi-Fi, Win11H in S Mode, E410KA",2.7 out of 5 stars,5,S$268.21,,https://www.amazon.sg/ASUS-1920x1080-Microsoft-NumberPad-E410KA/dp/B0DPWSYX95/ref=sr_1_54?dib=eyJ2IjoiMSJ9.UoBxBYP9BEfbTo0IjALuDtrh3m-FCfp1oMqrUDjql0qnPaippa_G5cRD5V3Itz50JRMupvmkIXQ07P8vIorFr8NK6wqsFoot36d9yJBLjr_IuG-K97YC22UqlpBIi7LBWnnqBnOwFs7cq1ZqxjRysgpAnZEGGE62ml5ImLkdj3Z4s2iFnav2zbmBqsNcORFmrK1kZK--pM4gkC1DjvbhmHOAxNaEJFATQUbsaHqKGHK_9Jiy4wVFQMguQPwMrBqxH9X3r4vp-aJ-UFk9Z7ejN1K90Q1wg5diigQuSb2a-M0.YrQFl8Dun5nQBUyFMVnEStp3wKXpo8qm6hd6QvMX6Ag&dib_tag=se&keywords=laptop&qid=1741164861&sr=8-54
10055,laptop,"asus 16/ 24GB RAM 1TB SSD VivoBook 16X Laptop, Windows 11 Pro, AMD Ryzen 7 5800HS 8-Core Processor, WUXGA IPS Anti-Glare Display, Camera Privacy Shutter, HDMI, USB-C, Blue",4.5 out of 5 stars,130,"S$1,105.29",,https://www.amazon.sg/asus-VivoBook-Windows-Processor-Anti-Glare/dp/B0CJCJY5YX/ref=sr_1_55?dib=eyJ2IjoiMSJ9.UoBxBYP9BEfbTo0IjALuDtrh3m-FCfp1oMqrUDjql0qnPaippa_G5cRD5V3Itz50JRMupvmkIXQ07P8vIorFr8NK6wqsFoot36d9yJBLjr_IuG-K97YC22UqlpBIi7LBWnnqBnOwFs7cq1ZqxjRysgpAnZEGGE62ml5ImLkdj3Z4s2iFnav2zbmBqsNcORFmrK1kZK--pM4gkC1DjvbhmHOAxNaEJFATQUbsaHqKGHK_9Jiy4wVFQMguQPwMrBqxH9X3r4vp-aJ-UFk9Z7ejN1K90Q1wg5diigQuSb2a-M0.YrQFl8Dun5nQBUyFMVnEStp3wKXpo8qm6hd6QvMX6Ag&dib_tag=se&keywords=laptop&qid=1741164861&sr=8-55
10056,laptop,"Dell Inspiron 3520 15.6"" Touchscreen i7 Laptop, 15.6"" FHD Touchscreen, Intel Core i7-1255U, 32GB RAM, 1TB SSD, Numeric Keypad, Webcam, SD Card Reader, HDMI, Wi-Fi, Windows 11 Home, Black",4.0 out of 5 stars,51,"S$1,040.23",,https://www.amazon.sg/Dell-Inspiron-3520-Touchscreen-i7-1255U/dp/B0D951M4F8/ref=sr_1_56?dib=eyJ2IjoiMSJ9.UoBxBYP9BEfbTo0IjALuDtrh3m-FCfp1oMqrUDjql0qnPaippa_G5cRD5V3Itz50JRMupvmkIXQ07P8vIorFr8NK6wqsFoot36d9yJBLjr_IuG-K97YC22UqlpBIi7LBWnnqBnOwFs7cq1ZqxjRysgpAnZEGGE62ml5ImLkdj3Z4s2iFnav2zbmBqsNcORFmrK1kZK--pM4gkC1DjvbhmHOAxNaEJFATQUbsaHqKGHK_9Jiy4wVFQMguQPwMrBqxH9X3r4vp-aJ-UFk9Z7ejN1K90Q1wg5diigQuSb2a-M0.YrQFl8Dun5nQBUyFMVnEStp3wKXpo8qm6hd6QvMX6Ag&dib_tag=se&keywords=laptop&qid=1741164861&sr=8-56
10057,laptop,"Sponsored Ad – QYiiD TouchPad Keyboard Case for Huawei MatePad 10.4"" 2020, Magnetically Detachable Wireless Bluetooth Keyboard for for Huawei MatePad 10.4"" 2020, RoseGold",N/A,Not found,S$72.99,"Get it Fri, 28 Mar - Mon, 7 Apr",https://www.amazon.sg/sspa/click?ie=UTF8&spc=MToyMDU2NTQ3MDkyNzI1MDg2OjE3NDExNjQ4NjI6c3BfYnRmOjMwMDA4MzAzMDg5MzM2Mjo6MDo6&url=%2FQYiiD-TouchPad-Magnetically-Detachable-Bluetooth%2Fdp%2FB0B37PLXC3%2Fref%3Dsr_1_57_sspa%3Fdib%3DeyJ2IjoiMSJ9.UoBxBYP9BEfbTo0IjALuDtrh3m-FCfp1oMqrUDjql0qnPaippa_G5cRD5V3Itz50JRMupvmkIXQ07P8vIorFr8NK6wqsFoot36d9yJBLjr_IuG-K97YC22UqlpBIi7LBWnnqBnOwFs7cq1ZqxjRysgpAnZEGGE62ml5ImLkdj3Z4s2iFnav2zbmBqsNcORFmrK1kZK--pM4gkC1DjvbhmHOAxNaEJFATQUbsaHqKGHK_9Jiy4wVFQMguQPwMrBqxH9X3r4vp-aJ-UFk9Z7ejN1K90Q1wg5diigQuSb2a-M0.YrQFl8Dun5nQBUyFMVnEStp3wKXpo8qm6hd6QvMX6Ag%26dib_tag%3Dse%26keywords%3Dlaptop%26qid%3D1741164861%26sr%3D8-57-spons%26sp_csd%3Dd2lkZ2V0TmFtZT1zcF9idGY%26psc%3D1
10058,laptop,"Sponsored Ad – QYiiD TouchPad Keyboard Case for Huawei MatePad 10.4"" 2020, Magnetically Detachable Wireless Bluetooth Keyboard for for Huawei MatePad 10.4"" 2020, Black",N/A,Not found,S$72.99,"Get it Fri, 28 Mar - Mon, 7 Apr",https://www.amazon.sg/sspa/click?ie=UTF8&spc=MToyMDU2NTQ3MDkyNzI1MDg2OjE3NDExNjQ4NjI6c3BfYnRmOjMwMDA4MzAzMDg5MzQ2Mjo6MDo6&url=%2FQYiiD-TouchPad-Magnetically-Detachable-Bluetooth%2Fdp%2FB0B37F7NGT%2Fref%3Dsr_1_58_sspa%3Fdib%3DeyJ2IjoiMSJ9.UoBxBYP9BEfbTo0IjALuDtrh3m-FCfp1oMqrUDjql0qnPaippa_G5cRD5V3Itz50JRMupvmkIXQ07P8vIorFr8NK6wqsFoot36d9yJBLjr_IuG-K97YC22UqlpBIi7LBWnnqBnOwFs7cq1ZqxjRysgpAnZEGGE62ml5ImLkdj3Z4s2iFnav2zbmBqsNcORFmrK1kZK--pM4gkC1DjvbhmHOAxNaEJFATQUbsaHqKGHK_9Jiy4wVFQMguQPwMrBqxH9X3r4vp-aJ-UFk9Z7ejN1K90Q1wg5diigQuSb2a-M0.YrQFl8Dun5nQBUyFMVnEStp3wKXpo8qm6hd6QvMX6Ag%26dib_tag%3Dse%26keywords%3Dlaptop%26qid%3D1741164861%26sr%3D8-58-spons%26sp_csd%3Dd2lkZ2V0TmFtZT1zcF9idGY%26psc%3D1
10059,laptop,"Sponsored Ad – LENCENT Universal Travel Adapter,PD20W International Charger with 2 USB Ports & type-C Fast Charging Adaptor, Worldwide Wall Charger for iPhone,Laptop, USA/UK/EU/AUS, (Black)",4.6 out of 5 stars,"2,112",S$39.99,"Get it as soon as Fri, 7 Mar",https://www.amazon.sg/sspa/click?ie=UTF8&spc=MToyMDU2NTQ3MDkyNzI1MDg2OjE3NDExNjQ4NjI6c3BfYnRmOjMwMDA4MDUwMTAzNjE2Mjo6MDo6&url=%2FLENCENT-Universal-International-Charging-Worldwide%2Fdp%2FB0C3CQVNH1%2Fref%3Dsr_1_59_sspa%3Fdib%3DeyJ2IjoiMSJ9.UoBxBYP9BEfbTo0IjALuDtrh3m-FCfp1oMqrUDjql0qnPaippa_G5cRD5V3Itz50JRMupvmkIXQ07P8vIorFr8NK6wqsFoot36d9yJBLjr_IuG-K97YC22UqlpBIi7LBWnnqBnOwFs7cq1ZqxjRysgpAnZEGGE62ml5ImLkdj3Z4s2iFnav2zbmBqsNcORFmrK1kZK--pM4gkC1DjvbhmHOAxNaEJFATQUbsaHqKGHK_9Jiy4wVFQMguQPwMrBqxH9X3r4vp-aJ-UFk9Z7ejN1K90Q1wg5diigQuSb2a-M0.YrQFl8Dun5nQBUyFMVnEStp3wKXpo8qm6hd6QvMX6Ag%26dib_tag%3Dse%26keywords%3Dlaptop%26qid%3D1741164861%26sr%3D8-59-spons%26sp_csd%3Dd2lkZ2V0TmFtZT1zcF9idGY%26psc%3D1
10060,laptop,"Sponsored Ad – LENCENT USB Plug Extension with 2 USB Ports, 3 Way USB Socket Extension, 5-in-1 USB Outlet Plug Extender for Household Appliances, iPhone, Smartphone Tablets, Ideal for Home Office Bedroom, 13A 3250W",4.7 out of 5 stars,353,S$17.76,"Get it as soon as Fri, 7 Mar",https://www.amazon.sg/sspa/click?ie=UTF8&spc=MToyMDU2NTQ3MDkyNzI1MDg2OjE3NDExNjQ4NjI6c3BfYnRmOjMwMDA3NDU3NjYxNzI2Mjo6MDo6&url=%2FLENCENT-Extension-Household-Appliances-Smartphone%2Fdp%2FB09GLQRR5W%2Fref%3Dsr_1_60_sspa%3Fdib%3DeyJ2IjoiMSJ9.UoBxBYP9BEfbTo0IjALuDtrh3m-FCfp1oMqrUDjql0qnPaippa_G5cRD5V3Itz50JRMupvmkIXQ07P8vIorFr8NK6wqsFoot36d9yJBLjr_IuG-K97YC22UqlpBIi7LBWnnqBnOwFs7cq1ZqxjRysgpAnZEGGE62ml5ImLkdj3Z4s2iFnav2zbmBqsNcORFmrK1kZK--pM4gkC1DjvbhmHOAxNaEJFATQUbsaHqKGHK_9Jiy4wVFQMguQPwMrBqxH9X3r4vp-aJ-UFk9Z7ejN1K90Q1wg5diigQuSb2a-M0.YrQFl8Dun5nQBUyFMVnEStp3wKXpo8qm6hd6QvMX6Ag%26dib_tag%3Dse%26keywords%3Dlaptop%26qid%3D1741164861%26sr%3D8-60-spons%26sp_csd%3Dd2lkZ2V0TmFtZT1zcF9idGY%26psc%3D1
